Workbook

Sheet Inventory Ledger
A1: Mander Wines — 2024 Pinot Noir Inventory Ledger (AGCO Reporting)
A3: Date | B3: Description | C3: Type | D3: Amount In/Out (Bottles) | E3: Litres | F3: Running Total (Bottles) | G3: Running Total (Litres)
A4: 2026-02-28 | B4: Excise Tax - Bottled in 88 Cases | C4: Production | D4: 1056 | E4: =IF(D4="","",D4*0.75) | F4: =IF(D4="","",D4) | G4: =IF(D4="","",D4*0.75)
A5: 2026-04-15 | B5: Tasting - Lailey Winery | C5: Tasting | D5: -1 | E5: =IF(D5="","",D5*0.75) | F5: =IF(D5="","",F4+D5) | G5: =IF(D5="","",G4+D5*0.75)
E6: =IF(D6="","",D6*0.75) | F6: =IF(D6="","",F5+D6) | G6: =IF(D6="","",G5+D6*0.75)
E7: =IF(D7="","",D7*0.75) | F7: =IF(D7="","",F6+D7) | G7: =IF(D7="","",G6+D7*0.75)
E8: =IF(D8="","",D8*0.75) | F8: =IF(D8="","",F7+D8) | G8: =IF(D8="","",G7+D8*0.75)
E9: =IF(D9="","",D9*0.75) | F9: =IF(D9="","",F8+D9) | G9: =IF(D9="","",G8+D9*0.75)
E10: =IF(D10="","",D10*0.75) | F10: =IF(D10="","",F9+D10) | G10: =IF(D10="","",G9+D10*0.75)
E11: =IF(D11="","",D11*0.75) | F11: =IF(D11="","",F10+D11) | G11: =IF(D11="","",G10+D11*0.75)
E12: =IF(D12="","",D12*0.75) | F12: =IF(D12="","",F11+D12) | G12: =IF(D12="","",G11+D12*0.75)
E13: =IF(D13="","",D13*0.75) | F13: =IF(D13="","",F12+D13) | G13: =IF(D13="","",G12+D13*0.75)
E14: =IF(D14="","",D14*0.75) | F14: =IF(D14="","",F13+D14) | G14: =IF(D14="","",G13+D14*0.75)
E15: =IF(D15="","",D15*0.75) | F15: =IF(D15="","",F14+D15) | G15: =IF(D15="","",G14+D15*0.75)
E16: =IF(D16="","",D16*0.75) | F16: =IF(D16="","",F15+D16) | G16: =IF(D16="","",G15+D16*0.75)
E17: =IF(D17="","",D17*0.75) | F17: =IF(D17="","",F16+D17) | G17: =IF(D17="","",G16+D17*0.75)
... E203: =IF(D203="","",D203*0.75) | F203: =IF(D203="","",F202+D203) | G203: =IF(D203="","",G202+D203*0.75)

Sheet Usage Detail
A1: Bottle Usage Detail — Where Each Bottle Went
A2: Log every bottle here. Litres auto-calculate (1 bottle = 750ml).
A4: Date | B4: Category | C4: Bottles Used | D4: Litres | E4: Recipient / Restaurant | F4: Location / City | G4: Purpose | H4: Notes
A5: 2026-04-16 | B5: Tasting | C5: 1 | D5: =IF(C5="","",C5*0.75) | E5: Lailey Winery | F5: Niagara-on-the-Lake | G5: Sample for cellar reference | H5: Opened to verify bottle integrity
D6: =IF(C6="","",C6*0.75)
D7: =IF(C7="","",C7*0.75)
D8: =IF(C8="","",C8*0.75)
D9: =IF(C9="","",C9*0.75)
D10: =IF(C10="","",C10*0.75)
D11: =IF(C11="","",C11*0.75)
D12: =IF(C12="","",C12*0.75)
D13: =IF(C13="","",C13*0.75)
D14: =IF(C14="","",C14*0.75)
D15: =IF(C15="","",C15*0.75)
D16: =IF(C16="","",C16*0.75)
D17: =IF(C17="","",C17*0.75)
... D204: =IF(C204="","",C204*0.75)

Sheet Tastings & Promotions
A1: Tastings & Promotional Use — Auto-Condensed from Usage Detail
A2: Auto-pulls every Tasting and Promotional row. Rows condense automatically.
A4: Total Bottles Used (Tastings + Promotions): | E4: =SUMIFS('Usage Detail'!C:C,'Usage Detail'!B:B,"Tasting")+SUMIFS('Usage Detail'!C:C,'Usage Detail'!B:B,"Promotional") | F4: =E4*0.75 | G4: Litres
A5: Tastings Only: | E5: =SUMIFS('Usage Detail'!C:C,'Usage Detail'!B:B,"Tasting") | F5: =E5*0.75 | G5: Litres
A6: Promotional Only: | E6: =SUMIFS('Usage Detail'!C:C,'Usage Detail'!B:B,"Promotional") | F6: =E6*0.75 | G6: Litres
A8: Date | B8: Category | C8: Bottles Used | D8: Litres | E8: Recipient / Restaurant | F8: Location / City | G8: Purpose | H8: Notes
A9: =IFERROR(INDEX('Usage Detail'!$A:$A,AGGREGATE(15,6,ROW('Usage Detail'!$A$5:$A$204)/(('Usage Detail'!$B$5:$B$204="Tasting")+('Usage Detail'!$B$5:$B$204="Promotional")),ROW(A1))),"") | B9: =IFERROR(INDEX('Usage Detail'!$B:$B,AGGREGATE(15,6,ROW('Usage Detail'!$A$5:$A$204)/(('Usage Detail'!$B$5:$B$204="Tasting")+('Usage Detail'!$B$5:$B$204="Promotional")),ROW(A1))),"") | C9: =IFERROR(INDEX('Usage Detail'!$C:$C,AGGREGATE(15,6,ROW('Usage Detail'!$A$5:$A$204)/(('Usage Detail'!$B$5:$B$204="Tasting")+('Usage Detail'!$B$5:$B$204="Promotional")),ROW(A1))),"") | D9: =IFERROR(INDEX('Usage Detail'!$D:$D,AGGREGATE(15,6,ROW('Usage Detail'!$A$5:$A$204)/(('Usage Detail'!$B$5:$B$204="Tasting")+('Usage Detail'!$B$5:$B$204="Promotional")),ROW(A1))),"") | E9: =IFERROR(INDEX('Usage Detail'!$E:$E,AGGREGATE(15,6,ROW('Usage Detail'!$A$5:$A$204)/(('Usage Detail'!$B$5:$B$204="Tasting")+('Usage Detail'!$B$5:$B$204="Promotional")),ROW(A1))),"") | F9: =IFERROR(INDEX('Usage Detail'!$F:$F,AGGREGATE(15,6,ROW('Usage Detail'!$A$5:$A$204)/(('Usage Detail'!$B$5:$B$204="Tasting")+('Usage Detail'!$B$5:$B$204="Promotional")),ROW(A1))),"") | G9: =IFERROR(INDEX('Usage Detail'!$G:$G,AGGREGATE(15,6,ROW('Usage Detail'!$A$5:$A$204)/(('Usage Detail'!$B$5:$B$204="Tasting")+('Usage Detail'!$B$5:$B$204="Promotional")),ROW(A1))),"") | H9: =IFERROR(INDEX('Usage Detail'!$H:$H,AGGREGATE(15,6,ROW('Usage Detail'!$A$5:$A$204)/(('Usage Detail'!$B$5:$B$204="Tasting")+('Usage Detail'!$B$5:$B$204="Promotional")),ROW(A1))),"")
A10: =IFERROR(INDEX('Usage Detail'!$A:$A,AGGREGATE(15,6,ROW('Usage Detail'!$A$5:$A$204)/(('Usage Detail'!$B$5:$B$204="Tasting")+('Usage Detail'!$B$5:$B$204="Promotional")),ROW(A2))),"") | B10: =IFERROR(INDEX('Usage Detail'!$B:$B,AGGREGATE(15,6,ROW('Usage Detail'!$A$5:$A$204)/(('Usage Detail'!$B$5:$B$204="Tasting")+('Usage Detail'!$B$5:$B$204="Promotional")),ROW(A2))),"") | C10: =IFERROR(INDEX('Usage Detail'!$C:$C,AGGREGATE(15,6,ROW('Usage Detail'!$A$5:$A$204)/(('Usage Detail'!$B$5:$B$204="Tasting")+('Usage Detail'!$B$5:$B$204="Promotional")),ROW(A2))),"") | D10: =IFERROR(INDEX('Usage Detail'!$D:$D,AGGREGATE(15,6,ROW('Usage Detail'!$A$5:$A$204)/(('Usage Detail'!$B$5:$B$204="Tasting")+('Usage Detail'!$B$5:$B$204="Promotional")),ROW(A2))),"") | E10: =IFERROR(INDEX('Usage Detail'!$E:$E,AGGREGATE(15,6,ROW('Usage Detail'!$A$5:$A$204)/(('Usage Detail'!$B$5:$B$204="Tasting")+('Usage Detail'!$B$5:$B$204="Promotional")),ROW(A2))),"") | F10: =IFERROR(INDEX('Usage Detail'!$F:$F,AGGREGATE(15,6,ROW('Usage Detail'!$A$5:$A$204)/(('Usage Detail'!$B$5:$B$204="Tasting")+('Usage Detail'!$B$5:$B$204="Promotional")),ROW(A2))),"") | G10: =IFERROR(INDEX('Usage Detail'!$G:$G,AGGREGATE(15,6,ROW('Usage Detail'!$A$5:$A$204)/(('Usage Detail'!$B$5:$B$204="Tasting")+('Usage Detail'!$B$5:$B$204="Promotional")),ROW(A2))),"") | H10: =IFERROR(INDEX('Usage Detail'!$H:$H,AGGREGATE(15,6,ROW('Usage Detail'!$A$5:$A$204)/(('Usage Detail'!$B$5:$B$204="Tasting")+('Usage Detail'!$B$5:$B$204="Promotional")),ROW(A2))),"")
A11: =IFERROR(INDEX('Usage Detail'!$A:$A,AGGREGATE(15,6,ROW('Usage Detail'!$A$5:$A$204)/(('Usage Detail'!$B$5:$B$204="Tasting")+('Usage Detail'!$B$5:$B$204="Promotional")),ROW(A3))),"") | B11: =IFERROR(INDEX('Usage Detail'!$B:$B,AGGREGATE(15,6,ROW('Usage Detail'!$A$5:$A$204)/(('Usage Detail'!$B$5:$B$204="Tasting")+('Usage Detail'!$B$5:$B$204="Promotional")),ROW(A3))),"") | C11: =IFERROR(INDEX('Usage Detail'!$C:$C,AGGREGATE(15,6,ROW('Usage Detail'!$A$5:$A$204)/(('Usage Detail'!$B$5:$B$204="Tasting")+('Usage Detail'!$B$5:$B$204="Promotional")),ROW(A3))),"") | D11: =IFERROR(INDEX('Usage Detail'!$D:$D,AGGREGATE(15,6,ROW('Usage Detail'!$A$5:$A$204)/(('Usage Detail'!$B$5:$B$204="Tasting")+('Usage Detail'!$B$5:$B$204="Promotional")),ROW(A3))),"") | E11: =IFERROR(INDEX('Usage Detail'!$E:$E,AGGREGATE(15,6,ROW('Usage Detail'!$A$5:$A$204)/(('Usage Detail'!$B$5:$B$204="Tasting")+('Usage Detail'!$B$5:$B$204="Promotional")),ROW(A3))),"") | F11: =IFERROR(INDEX('Usage Detail'!$F:$F,AGGREGATE(15,6,ROW('Usage Detail'!$A$5:$A$204)/(('Usage Detail'!$B$5:$B$204="Tasting")+('Usage Detail'!$B$5:$B$204="Promotional")),ROW(A3))),"") | G11: =IFERROR(INDEX('Usage Detail'!$G:$G,AGGREGATE(15,6,ROW('Usage Detail'!$A$5:$A$204)/(('Usage Detail'!$B$5:$B$204="Tasting")+('Usage Detail'!$B$5:$B$204="Promotional")),ROW(A3))),"") | H11: =IFERROR(INDEX('Usage Detail'!$H:$H,AGGREGATE(15,6,ROW('Usage Detail'!$A$5:$A$204)/(('Usage Detail'!$B$5:$B$204="Tasting")+('Usage Detail'!$B$5:$B$204="Promotional")),ROW(A3))),"")
A12: =IFERROR(INDEX('Usage Detail'!$A:$A,AGGREGATE(15,6,ROW('Usage Detail'!$A$5:$A$204)/(('Usage Detail'!$B$5:$B$204="Tasting")+('Usage Detail'!$B$5:$B$204="Promotional")),ROW(A4))),"") | B12: =IFERROR(INDEX('Usage Detail'!$B:$B,AGGREGATE(15,6,ROW('Usage Detail'!$A$5:$A$204)/(('Usage Detail'!$B$5:$B$204="Tasting")+('Usage Detail'!$B$5:$B$204="Promotional")),ROW(A4))),"") | C12: =IFERROR(INDEX('Usage Detail'!$C:$C,AGGREGATE(15,6,ROW('Usage Detail'!$A$5:$A$204)/(('Usage Detail'!$B$5:$B$204="Tasting")+('Usage Detail'!$B$5:$B$204="Promotional")),ROW(A4))),"") | D12: =IFERROR(INDEX('Usage Detail'!$D:$D,AGGREGATE(15,6,ROW('Usage Detail'!$A$5:$A$204)/(('Usage Detail'!$B$5:$B$204="Tasting")+('Usage Detail'!$B$5:$B$204="Promotional")),ROW(A4))),"") | E12: =IFERROR(INDEX('Usage Detail'!$E:$E,AGGREGATE(15,6,ROW('Usage Detail'!$A$5:$A$204)/(('Usage Detail'!$B$5:$B$204="Tasting")+('Usage Detail'!$B$5:$B$204="Promotional")),ROW(A4))),"") | F12: =IFERROR(INDEX('Usage Detail'!$F:$F,AGGREGATE(15,6,ROW('Usage Detail'!$A$5:$A$204)/(('Usage Detail'!$B$5:$B$204="Tasting")+('Usage Detail'!$B$5:$B$204="Promotional")),ROW(A4))),"") | G12: =IFERROR(INDEX('Usage Detail'!$G:$G,AGGREGATE(15,6,ROW('Usage Detail'!$A$5:$A$204)/(('Usage Detail'!$B$5:$B$204="Tasting")+('Usage Detail'!$B$5:$B$204="Promotional")),ROW(A4))),"") | H12: =IFERROR(INDEX('Usage Detail'!$H:$H,AGGREGATE(15,6,ROW('Usage Detail'!$A$5:$A$204)/(('Usage Detail'!$B$5:$B$204="Tasting")+('Usage Detail'!$B$5:$B$204="Promotional")),ROW(A4))),"")
A13: =IFERROR(INDEX('Usage Detail'!$A:$A,AGGREGATE(15,6,ROW('Usage Detail'!$A$5:$A$204)/(('Usage Detail'!$B$5:$B$204="Tasting")+('Usage Detail'!$B$5:$B$204="Promotional")),ROW(A5))),"") | B13: =IFERROR(INDEX('Usage Detail'!$B:$B,AGGREGATE(15,6,ROW('Usage Detail'!$A$5:$A$204)/(('Usage Detail'!$B$5:$B$204="Tasting")+('Usage Detail'!$B$5:$B$204="Promotional")),ROW(A5))),"") | C13: =IFERROR(INDEX('Usage Detail'!$C:$C,AGGREGATE(15,6,ROW('Usage Detail'!$A$5:$A$204)/(('Usage Detail'!$B$5:$B$204="Tasting")+('Usage Detail'!$B$5:$B$204="Promotional")),ROW(A5))),"") | D13: =IFERROR(INDEX('Usage Detail'!$D:$D,AGGREGATE(15,6,ROW('Usage Detail'!$A$5:$A$204)/(('Usage Detail'!$B$5:$B$204="Tasting")+('Usage Detail'!$B$5:$B$204="Promotional")),ROW(A5))),"") | E13: =IFERROR(INDEX('Usage Detail'!$E:$E,AGGREGATE(15,6,ROW('Usage Detail'!$A$5:$A$204)/(('Usage Detail'!$B$5:$B$204="Tasting")+('Usage Detail'!$B$5:$B$204="Promotional")),ROW(A5))),"") | F13: =IFERROR(INDEX('Usage Detail'!$F:$F,AGGREGATE(15,6,ROW('Usage Detail'!$A$5:$A$204)/(('Usage Detail'!$B$5:$B$204="Tasting")+('Usage Detail'!$B$5:$B$204="Promotional")),ROW(A5))),"") | G13: =IFERROR(INDEX('Usage Detail'!$G:$G,AGGREGATE(15,6,ROW('Usage Detail'!$A$5:$A$204)/(('Usage Detail'!$B$5:$B$204="Tasting")+('Usage Detail'!$B$5:$B$204="Promotional")),ROW(A5))),"") | H13: =IFERROR(INDEX('Usage Detail'!$H:$H,AGGREGATE(15,6,ROW('Usage Detail'!$A$5:$A$204)/(('Usage Detail'!$B$5:$B$204="Tasting")+('Usage Detail'!$B$5:$B$204="Promotional")),ROW(A5))),"")
A14: =IFERROR(INDEX('Usage Detail'!$A:$A,AGGREGATE(15,6,ROW('Usage Detail'!$A$5:$A$204)/(('Usage Detail'!$B$5:$B$204="Tasting")+('Usage Detail'!$B$5:$B$204="Promotional")),ROW(A6))),"") | B14: =IFERROR(INDEX('Usage Detail'!$B:$B,AGGREGATE(15,6,ROW('Usage Detail'!$A$5:$A$204)/(('Usage Detail'!$B$5:$B$204="Tasting")+('Usage Detail'!$B$5:$B$204="Promotional")),ROW(A6))),"") | C14: =IFERROR(INDEX('Usage Detail'!$C:$C,AGGREGATE(15,6,ROW('Usage Detail'!$A$5:$A$204)/(('Usage Detail'!$B$5:$B$204="Tasting")+('Usage Detail'!$B$5:$B$204="Promotional")),ROW(A6))),"") | D14: =IFERROR(INDEX('Usage Detail'!$D:$D,AGGREGATE(15,6,ROW('Usage Detail'!$A$5:$A$204)/(('Usage Detail'!$B$5:$B$204="Tasting")+('Usage Detail'!$B$5:$B$204="Promotional")),ROW(A6))),"") | E14: =IFERROR(INDEX('Usage Detail'!$E:$E,AGGREGATE(15,6,ROW('Usage Detail'!$A$5:$A$204)/(('Usage Detail'!$B$5:$B$204="Tasting")+('Usage Detail'!$B$5:$B$204="Promotional")),ROW(A6))),"") | F14: =IFERROR(INDEX('Usage Detail'!$F:$F,AGGREGATE(15,6,ROW('Usage Detail'!$A$5:$A$204)/(('Usage Detail'!$B$5:$B$204="Tasting")+('Usage Detail'!$B$5:$B$204="Promotional")),ROW(A6))),"") | G14: =IFERROR(INDEX('Usage Detail'!$G:$G,AGGREGATE(15,6,ROW('Usage Detail'!$A$5:$A$204)/(('Usage Detail'!$B$5:$B$204="Tasting")+('Usage Detail'!$B$5:$B$204="Promotional")),ROW(A6))),"") | H14: =IFERROR(INDEX('Usage Detail'!$H:$H,AGGREGATE(15,6,ROW('Usage Detail'!$A$5:$A$204)/(('Usage Detail'!$B$5:$B$204="Tasting")+('Usage Detail'!$B$5:$B$204="Promotional")),ROW(A6))),"")
A15: =IFERROR(INDEX('Usage Detail'!$A:$A,AGGREGATE(15,6,ROW('Usage Detail'!$A$5:$A$204)/(('Usage Detail'!$B$5:$B$204="Tasting")+('Usage Detail'!$B$5:$B$204="Promotional")),ROW(A7))),"") | B15: =IFERROR(INDEX('Usage Detail'!$B:$B,AGGREGATE(15,6,ROW('Usage Detail'!$A$5:$A$204)/(('Usage Detail'!$B$5:$B$204="Tasting")+('Usage Detail'!$B$5:$B$204="Promotional")),ROW(A7))),"") | C15: =IFERROR(INDEX('Usage Detail'!$C:$C,AGGREGATE(15,6,ROW('Usage Detail'!$A$5:$A$204)/(('Usage Detail'!$B$5:$B$204="Tasting")+('Usage Detail'!$B$5:$B$204="Promotional")),ROW(A7))),"") | D15: =IFERROR(INDEX('Usage Detail'!$D:$D,AGGREGATE(15,6,ROW('Usage Detail'!$A$5:$A$204)/(('Usage Detail'!$B$5:$B$204="Tasting")+('Usage Detail'!$B$5:$B$204="Promotional")),ROW(A7))),"") | E15: =IFERROR(INDEX('Usage Detail'!$E:$E,AGGREGATE(15,6,ROW('Usage Detail'!$A$5:$A$204)/(('Usage Detail'!$B$5:$B$204="Tasting")+('Usage Detail'!$B$5:$B$204="Promotional")),ROW(A7))),"") | F15: =IFERROR(INDEX('Usage Detail'!$F:$F,AGGREGATE(15,6,ROW('Usage Detail'!$A$5:$A$204)/(('Usage Detail'!$B$5:$B$204="Tasting")+('Usage Detail'!$B$5:$B$204="Promotional")),ROW(A7))),"") | G15: =IFERROR(INDEX('Usage Detail'!$G:$G,AGGREGATE(15,6,ROW('Usage Detail'!$A$5:$A$204)/(('Usage Detail'!$B$5:$B$204="Tasting")+('Usage Detail'!$B$5:$B$204="Promotional")),ROW(A7))),"") | H15: =IFERROR(INDEX('Usage Detail'!$H:$H,AGGREGATE(15,6,ROW('Usage Detail'!$A$5:$A$204)/(('Usage Detail'!$B$5:$B$204="Tasting")+('Usage Detail'!$B$5:$B$204="Promotional")),ROW(A7))),"")
A16: =IFERROR(INDEX('Usage Detail'!$A:$A,AGGREGATE(15,6,ROW('Usage Detail'!$A$5:$A$204)/(('Usage Detail'!$B$5:$B$204="Tasting")+('Usage Detail'!$B$5:$B$204="Promotional")),ROW(A8))),"") | B16: =IFERROR(INDEX('Usage Detail'!$B:$B,AGGREGATE(15,6,ROW('Usage Detail'!$A$5:$A$204)/(('Usage Detail'!$B$5:$B$204="Tasting")+('Usage Detail'!$B$5:$B$204="Promotional")),ROW(A8))),"") | C16: =IFERROR(INDEX('Usage Detail'!$C:$C,AGGREGATE(15,6,ROW('Usage Detail'!$A$5:$A$204)/(('Usage Detail'!$B$5:$B$204="Tasting")+('Usage Detail'!$B$5:$B$204="Promotional")),ROW(A8))),"") | D16: =IFERROR(INDEX('Usage Detail'!$D:$D,AGGREGATE(15,6,ROW('Usage Detail'!$A$5:$A$204)/(('Usage Detail'!$B$5:$B$204="Tasting")+('Usage Detail'!$B$5:$B$204="Promotional")),ROW(A8))),"") | E16: =IFERROR(INDEX('Usage Detail'!$E:$E,AGGREGATE(15,6,ROW('Usage Detail'!$A$5:$A$204)/(('Usage Detail'!$B$5:$B$204="Tasting")+('Usage Detail'!$B$5:$B$204="Promotional")),ROW(A8))),"") | F16: =IFERROR(INDEX('Usage Detail'!$F:$F,AGGREGATE(15,6,ROW('Usage Detail'!$A$5:$A$204)/(('Usage Detail'!$B$5:$B$204="Tasting")+('Usage Detail'!$B$5:$B$204="Promotional")),ROW(A8))),"") | G16: =IFERROR(INDEX('Usage Detail'!$G:$G,AGGREGATE(15,6,ROW('Usage Detail'!$A$5:$A$204)/(('Usage Detail'!$B$5:$B$204="Tasting")+('Usage Detail'!$B$5:$B$204="Promotional")),ROW(A8))),"") | H16: =IFERROR(INDEX('Usage Detail'!$H:$H,AGGREGATE(15,6,ROW('Usage Detail'!$A$5:$A$204)/(('Usage Detail'!$B$5:$B$204="Tasting")+('Usage Detail'!$B$5:$B$204="Promotional")),ROW(A8))),"")
A17: =IFERROR(INDEX('Usage Detail'!$A:$A,AGGREGATE(15,6,ROW('Usage Detail'!$A$5:$A$204)/(('Usage Detail'!$B$5:$B$204="Tasting")+('Usage Detail'!$B$5:$B$204="Promotional")),ROW(A9))),"") | B17: =IFERROR(INDEX('Usage Detail'!$B:$B,AGGREGATE(15,6,ROW('Usage Detail'!$A$5:$A$204)/(('Usage Detail'!$B$5:$B$204="Tasting")+('Usage Detail'!$B$5:$B$204="Promotional")),ROW(A9))),"") | C17: =IFERROR(INDEX('Usage Detail'!$C:$C,AGGREGATE(15,6,ROW('Usage Detail'!$A$5:$A$204)/(('Usage Detail'!$B$5:$B$204="Tasting")+('Usage Detail'!$B$5:$B$204="Promotional")),ROW(A9))),"") | D17: =IFERROR(INDEX('Usage Detail'!$D:$D,AGGREGATE(15,6,ROW('Usage Detail'!$A$5:$A$204)/(('Usage Detail'!$B$5:$B$204="Tasting")+('Usage Detail'!$B$5:$B$204="Promotional")),ROW(A9))),"") | E17: =IFERROR(INDEX('Usage Detail'!$E:$E,AGGREGATE(15,6,ROW('Usage Detail'!$A$5:$A$204)/(('Usage Detail'!$B$5:$B$204="Tasting")+('Usage Detail'!$B$5:$B$204="Promotional")),ROW(A9))),"") | F17: =IFERROR(INDEX('Usage Detail'!$F:$F,AGGREGATE(15,6,ROW('Usage Detail'!$A$5:$A$204)/(('Usage Detail'!$B$5:$B$204="Tasting")+('Usage Detail'!$B$5:$B$204="Promotional")),ROW(A9))),"") | G17: =IFERROR(INDEX('Usage Detail'!$G:$G,AGGREGATE(15,6,ROW('Usage Detail'!$A$5:$A$204)/(('Usage Detail'!$B$5:$B$204="Tasting")+('Usage Detail'!$B$5:$B$204="Promotional")),ROW(A9))),"") | H17: =IFERROR(INDEX('Usage Detail'!$H:$H,AGGREGATE(15,6,ROW('Usage Detail'!$A$5:$A$204)/(('Usage Detail'!$B$5:$B$204="Tasting")+('Usage Detail'!$B$5:$B$204="Promotional")),ROW(A9))),"")
A18: =IFERROR(INDEX('Usage Detail'!$A:$A,AGGREGATE(15,6,ROW('Usage Detail'!$A$5:$A$204)/(('Usage Detail'!$B$5:$B$204="Tasting")+('Usage Detail'!$B$5:$B$204="Promotional")),ROW(A10))),"") | B18: =IFERROR(INDEX('Usage Detail'!$B:$B,AGGREGATE(15,6,ROW('Usage Detail'!$A$5:$A$204)/(('Usage Detail'!$B$5:$B$204="Tasting")+('Usage Detail'!$B$5:$B$204="Promotional")),ROW(A10))),"") | C18: =IFERROR(INDEX('Usage Detail'!$C:$C,AGGREGATE(15,6,ROW('Usage Detail'!$A$5:$A$204)/(('Usage Detail'!$B$5:$B$204="Tasting")+('Usage Detail'!$B$5:$B$204="Promotional")),ROW(A10))),"") | D18: =IFERROR(INDEX('Usage Detail'!$D:$D,AGGREGATE(15,6,ROW('Usage Detail'!$A$5:$A$204)/(('Usage Detail'!$B$5:$B$204="Tasting")+('Usage Detail'!$B$5:$B$204="Promotional")),ROW(A10))),"") | E18: =IFERROR(INDEX('Usage Detail'!$E:$E,AGGREGATE(15,6,ROW('Usage Detail'!$A$5:$A$204)/(('Usage Detail'!$B$5:$B$204="Tasting")+('Usage Detail'!$B$5:$B$204="Promotional")),ROW(A10))),"") | F18: =IFERROR(INDEX('Usage Detail'!$F:$F,AGGREGATE(15,6,ROW('Usage Detail'!$A$5:$A$204)/(('Usage Detail'!$B$5:$B$204="Tasting")+('Usage Detail'!$B$5:$B$204="Promotional")),ROW(A10))),"") | G18: =IFERROR(INDEX('Usage Detail'!$G:$G,AGGREGATE(15,6,ROW('Usage Detail'!$A$5:$A$204)/(('Usage Detail'!$B$5:$B$204="Tasting")+('Usage Detail'!$B$5:$B$204="Promotional")),ROW(A10))),"") | H18: =IFERROR(INDEX('Usage Detail'!$H:$H,AGGREGATE(15,6,ROW('Usage Detail'!$A$5:$A$204)/(('Usage Detail'!$B$5:$B$204="Tasting")+('Usage Detail'!$B$5:$B$204="Promotional")),ROW(A10))),"")
A19: =IFERROR(INDEX('Usage Detail'!$A:$A,AGGREGATE(15,6,ROW('Usage Detail'!$A$5:$A$204)/(('Usage Detail'!$B$5:$B$204="Tasting")+('Usage Detail'!$B$5:$B$204="Promotional")),ROW(A11))),"") | B19: =IFERROR(INDEX('Usage Detail'!$B:$B,AGGREGATE(15,6,ROW('Usage Detail'!$A$5:$A$204)/(('Usage Detail'!$B$5:$B$204="Tasting")+('Usage Detail'!$B$5:$B$204="Promotional")),ROW(A11))),"") | C19: =IFERROR(INDEX('Usage Detail'!$C:$C,AGGREGATE(15,6,ROW('Usage Detail'!$A$5:$A$204)/(('Usage Detail'!$B$5:$B$204="Tasting")+('Usage Detail'!$B$5:$B$204="Promotional")),ROW(A11))),"") | D19: =IFERROR(INDEX('Usage Detail'!$D:$D,AGGREGATE(15,6,ROW('Usage Detail'!$A$5:$A$204)/(('Usage Detail'!$B$5:$B$204="Tasting")+('Usage Detail'!$B$5:$B$204="Promotional")),ROW(A11))),"") | E19: =IFERROR(INDEX('Usage Detail'!$E:$E,AGGREGATE(15,6,ROW('Usage Detail'!$A$5:$A$204)/(('Usage Detail'!$B$5:$B$204="Tasting")+('Usage Detail'!$B$5:$B$204="Promotional")),ROW(A11))),"") | F19: =IFERROR(INDEX('Usage Detail'!$F:$F,AGGREGATE(15,6,ROW('Usage Detail'!$A$5:$A$204)/(('Usage Detail'!$B$5:$B$204="Tasting")+('Usage Detail'!$B$5:$B$204="Promotional")),ROW(A11))),"") | G19: =IFERROR(INDEX('Usage Detail'!$G:$G,AGGREGATE(15,6,ROW('Usage Detail'!$A$5:$A$204)/(('Usage Detail'!$B$5:$B$204="Tasting")+('Usage Detail'!$B$5:$B$204="Promotional")),ROW(A11))),"") | H19: =IFERROR(INDEX('Usage Detail'!$H:$H,AGGREGATE(15,6,ROW('Usage Detail'!$A$5:$A$204)/(('Usage Detail'!$B$5:$B$204="Tasting")+('Usage Detail'!$B$5:$B$204="Promotional")),ROW(A11))),"")
A20: =IFERROR(INDEX('Usage Detail'!$A:$A,AGGREGATE(15,6,ROW('Usage Detail'!$A$5:$A$204)/(('Usage Detail'!$B$5:$B$204="Tasting")+('Usage Detail'!$B$5:$B$204="Promotional")),ROW(A12))),"") | B20: =IFERROR(INDEX('Usage Detail'!$B:$B,AGGREGATE(15,6,ROW('Usage Detail'!$A$5:$A$204)/(('Usage Detail'!$B$5:$B$204="Tasting")+('Usage Detail'!$B$5:$B$204="Promotional")),ROW(A12))),"") | C20: =IFERROR(INDEX('Usage Detail'!$C:$C,AGGREGATE(15,6,ROW('Usage Detail'!$A$5:$A$204)/(('Usage Detail'!$B$5:$B$204="Tasting")+('Usage Detail'!$B$5:$B$204="Promotional")),ROW(A12))),"") | D20: =IFERROR(INDEX('Usage Detail'!$D:$D,AGGREGATE(15,6,ROW('Usage Detail'!$A$5:$A$204)/(('Usage Detail'!$B$5:$B$204="Tasting")+('Usage Detail'!$B$5:$B$204="Promotional")),ROW(A12))),"") | E20: =IFERROR(INDEX('Usage Detail'!$E:$E,AGGREGATE(15,6,ROW('Usage Detail'!$A$5:$A$204)/(('Usage Detail'!$B$5:$B$204="Tasting")+('Usage Detail'!$B$5:$B$204="Promotional")),ROW(A12))),"") | F20: =IFERROR(INDEX('Usage Detail'!$F:$F,AGGREGATE(15,6,ROW('Usage Detail'!$A$5:$A$204)/(('Usage Detail'!$B$5:$B$204="Tasting")+('Usage Detail'!$B$5:$B$204="Promotional")),ROW(A12))),"") | G20: =IFERROR(INDEX('Usage Detail'!$G:$G,AGGREGATE(15,6,ROW('Usage Detail'!$A$5:$A$204)/(('Usage Detail'!$B$5:$B$204="Tasting")+('Usage Detail'!$B$5:$B$204="Promotional")),ROW(A12))),"") | H20: =IFERROR(INDEX('Usage Detail'!$H:$H,AGGREGATE(15,6,ROW('Usage Detail'!$A$5:$A$204)/(('Usage Detail'!$B$5:$B$204="Tasting")+('Usage Detail'!$B$5:$B$204="Promotional")),ROW(A12))),"")
... A208: =IFERROR(INDEX('Usage Detail'!$A:$A,AGGREGATE(15,6,ROW('Usage Detail'!$A$5:$A$204)/(('Usage Detail'!$B$5:$B$204="Tasting")+('Usage Detail'!$B$5:$B$204="Promotional")),ROW(A200))),"") | B208: =IFERROR(INDEX('Usage Detail'!$B:$B,AGGREGATE(15,6,ROW('Usage Detail'!$A$5:$A$204)/(('Usage Detail'!$B$5:$B$204="Tasting")+('Usage Detail'!$B$5:$B$204="Promotional")),ROW(A200))),"") | C208: =IFERROR(INDEX('Usage Detail'!$C:$C,AGGREGATE(15,6,ROW('Usage Detail'!$A$5:$A$204)/(('Usage Detail'!$B$5:$B$204="Tasting")+('Usage Detail'!$B$5:$B$204="Promotional")),ROW(A200))),"") | D208: =IFERROR(INDEX('Usage Detail'!$D:$D,AGGREGATE(15,6,ROW('Usage Detail'!$A$5:$A$204)/(('Usage Detail'!$B$5:$B$204="Tasting")+('Usage Detail'!$B$5:$B$204="Promotional")),ROW(A200))),"") | E208: =IFERROR(INDEX('Usage Detail'!$E:$E,AGGREGATE(15,6,ROW('Usage Detail'!$A$5:$A$204)/(('Usage Detail'!$B$5:$B$204="Tasting")+('Usage Detail'!$B$5:$B$204="Promotional")),ROW(A200))),"") | F208: =IFERROR(INDEX('Usage Detail'!$F:$F,AGGREGATE(15,6,ROW('Usage Detail'!$A$5:$A$204)/(('Usage Detail'!$B$5:$B$204="Tasting")+('Usage Detail'!$B$5:$B$204="Promotional")),ROW(A200))),"") | G208: =IFERROR(INDEX('Usage Detail'!$G:$G,AGGREGATE(15,6,ROW('Usage Detail'!$A$5:$A$204)/(('Usage Detail'!$B$5:$B$204="Tasting")+('Usage Detail'!$B$5:$B$204="Promotional")),ROW(A200))),"") | H208: =IFERROR(INDEX('Usage Detail'!$H:$H,AGGREGATE(15,6,ROW('Usage Detail'!$A$5:$A$204)/(('Usage Detail'!$B$5:$B$204="Tasting")+('Usage Detail'!$B$5:$B$204="Promotional")),ROW(A200))),"")

Sheet Gifts
A1: Gifts — Auto-Condensed from Usage Detail
A2: Auto-pulls every Gift row.
A4: Total Bottles Gifted: | E4: =SUMIFS('Usage Detail'!C:C,'Usage Detail'!B:B,"Gift") | F4: =E4*0.75 | G4: Litres
A7: Date | B7: Category | C7: Bottles Used | D7: Litres | E7: Recipient / Restaurant | F7: Location / City | G7: Purpose | H7: Notes
A8: =IFERROR(INDEX('Usage Detail'!$A:$A,AGGREGATE(15,6,ROW('Usage Detail'!$A$5:$A$204)/(('Usage Detail'!$B$5:$B$204="Gift")),ROW(A1))),"") | B8: =IFERROR(INDEX('Usage Detail'!$B:$B,AGGREGATE(15,6,ROW('Usage Detail'!$A$5:$A$204)/(('Usage Detail'!$B$5:$B$204="Gift")),ROW(A1))),"") | C8: =IFERROR(INDEX('Usage Detail'!$C:$C,AGGREGATE(15,6,ROW('Usage Detail'!$A$5:$A$204)/(('Usage Detail'!$B$5:$B$204="Gift")),ROW(A1))),"") | D8: =IFERROR(INDEX('Usage Detail'!$D:$D,AGGREGATE(15,6,ROW('Usage Detail'!$A$5:$A$204)/(('Usage Detail'!$B$5:$B$204="Gift")),ROW(A1))),"") | E8: =IFERROR(INDEX('Usage Detail'!$E:$E,AGGREGATE(15,6,ROW('Usage Detail'!$A$5:$A$204)/(('Usage Detail'!$B$5:$B$204="Gift")),ROW(A1))),"") | F8: =IFERROR(INDEX('Usage Detail'!$F:$F,AGGREGATE(15,6,ROW('Usage Detail'!$A$5:$A$204)/(('Usage Detail'!$B$5:$B$204="Gift")),ROW(A1))),"") | G8: =IFERROR(INDEX('Usage Detail'!$G:$G,AGGREGATE(15,6,ROW('Usage Detail'!$A$5:$A$204)/(('Usage Detail'!$B$5:$B$204="Gift")),ROW(A1))),"") | H8: =IFERROR(INDEX('Usage Detail'!$H:$H,AGGREGATE(15,6,ROW('Usage Detail'!$A$5:$A$204)/(('Usage Detail'!$B$5:$B$204="Gift")),ROW(A1))),"")
A9: =IFERROR(INDEX('Usage Detail'!$A:$A,AGGREGATE(15,6,ROW('Usage Detail'!$A$5:$A$204)/(('Usage Detail'!$B$5:$B$204="Gift")),ROW(A2))),"") | B9: =IFERROR(INDEX('Usage Detail'!$B:$B,AGGREGATE(15,6,ROW('Usage Detail'!$A$5:$A$204)/(('Usage Detail'!$B$5:$B$204="Gift")),ROW(A2))),"") | C9: =IFERROR(INDEX('Usage Detail'!$C:$C,AGGREGATE(15,6,ROW('Usage Detail'!$A$5:$A$204)/(('Usage Detail'!$B$5:$B$204="Gift")),ROW(A2))),"") | D9: =IFERROR(INDEX('Usage Detail'!$D:$D,AGGREGATE(15,6,ROW('Usage Detail'!$A$5:$A$204)/(('Usage Detail'!$B$5:$B$204="Gift")),ROW(A2))),"") | E9: =IFERROR(INDEX('Usage Detail'!$E:$E,AGGREGATE(15,6,ROW('Usage Detail'!$A$5:$A$204)/(('Usage Detail'!$B$5:$B$204="Gift")),ROW(A2))),"") | F9: =IFERROR(INDEX('Usage Detail'!$F:$F,AGGREGATE(15,6,ROW('Usage Detail'!$A$5:$A$204)/(('Usage Detail'!$B$5:$B$204="Gift")),ROW(A2))),"") | G9: =IFERROR(INDEX('Usage Detail'!$G:$G,AGGREGATE(15,6,ROW('Usage Detail'!$A$5:$A$204)/(('Usage Detail'!$B$5:$B$204="Gift")),ROW(A2))),"") | H9: =IFERROR(INDEX('Usage Detail'!$H:$H,AGGREGATE(15,6,ROW('Usage Detail'!$A$5:$A$204)/(('Usage Detail'!$B$5:$B$204="Gift")),ROW(A2))),"")
A10: =IFERROR(INDEX('Usage Detail'!$A:$A,AGGREGATE(15,6,ROW('Usage Detail'!$A$5:$A$204)/(('Usage Detail'!$B$5:$B$204="Gift")),ROW(A3))),"") | B10: =IFERROR(INDEX('Usage Detail'!$B:$B,AGGREGATE(15,6,ROW('Usage Detail'!$A$5:$A$204)/(('Usage Detail'!$B$5:$B$204="Gift")),ROW(A3))),"") | C10: =IFERROR(INDEX('Usage Detail'!$C:$C,AGGREGATE(15,6,ROW('Usage Detail'!$A$5:$A$204)/(('Usage Detail'!$B$5:$B$204="Gift")),ROW(A3))),"") | D10: =IFERROR(INDEX('Usage Detail'!$D:$D,AGGREGATE(15,6,ROW('Usage Detail'!$A$5:$A$204)/(('Usage Detail'!$B$5:$B$204="Gift")),ROW(A3))),"") | E10: =IFERROR(INDEX('Usage Detail'!$E:$E,AGGREGATE(15,6,ROW('Usage Detail'!$A$5:$A$204)/(('Usage Detail'!$B$5:$B$204="Gift")),ROW(A3))),"") | F10: =IFERROR(INDEX('Usage Detail'!$F:$F,AGGREGATE(15,6,ROW('Usage Detail'!$A$5:$A$204)/(('Usage Detail'!$B$5:$B$204="Gift")),ROW(A3))),"") | G10: =IFERROR(INDEX('Usage Detail'!$G:$G,AGGREGATE(15,6,ROW('Usage Detail'!$A$5:$A$204)/(('Usage Detail'!$B$5:$B$204="Gift")),ROW(A3))),"") | H10: =IFERROR(INDEX('Usage Detail'!$H:$H,AGGREGATE(15,6,ROW('Usage Detail'!$A$5:$A$204)/(('Usage Detail'!$B$5:$B$204="Gift")),ROW(A3))),"")
A11: =IFERROR(INDEX('Usage Detail'!$A:$A,AGGREGATE(15,6,ROW('Usage Detail'!$A$5:$A$204)/(('Usage Detail'!$B$5:$B$204="Gift")),ROW(A4))),"") | B11: =IFERROR(INDEX('Usage Detail'!$B:$B,AGGREGATE(15,6,ROW('Usage Detail'!$A$5:$A$204)/(('Usage Detail'!$B$5:$B$204="Gift")),ROW(A4))),"") | C11: =IFERROR(INDEX('Usage Detail'!$C:$C,AGGREGATE(15,6,ROW('Usage Detail'!$A$5:$A$204)/(('Usage Detail'!$B$5:$B$204="Gift")),ROW(A4))),"") | D11: =IFERROR(INDEX('Usage Detail'!$D:$D,AGGREGATE(15,6,ROW('Usage Detail'!$A$5:$A$204)/(('Usage Detail'!$B$5:$B$204="Gift")),ROW(A4))),"") | E11: =IFERROR(INDEX('Usage Detail'!$E:$E,AGGREGATE(15,6,ROW('Usage Detail'!$A$5:$A$204)/(('Usage Detail'!$B$5:$B$204="Gift")),ROW(A4))),"") | F11: =IFERROR(INDEX('Usage Detail'!$F:$F,AGGREGATE(15,6,ROW('Usage Detail'!$A$5:$A$204)/(('Usage Detail'!$B$5:$B$204="Gift")),ROW(A4))),"") | G11: =IFERROR(INDEX('Usage Detail'!$G:$G,AGGREGATE(15,6,ROW('Usage Detail'!$A$5:$A$204)/(('Usage Detail'!$B$5:$B$204="Gift")),ROW(A4))),"") | H11: =IFERROR(INDEX('Usage Detail'!$H:$H,AGGREGATE(15,6,ROW('Usage Detail'!$A$5:$A$204)/(('Usage Detail'!$B$5:$B$204="Gift")),ROW(A4))),"")
A12: =IFERROR(INDEX('Usage Detail'!$A:$A,AGGREGATE(15,6,ROW('Usage Detail'!$A$5:$A$204)/(('Usage Detail'!$B$5:$B$204="Gift")),ROW(A5))),"") | B12: =IFERROR(INDEX('Usage Detail'!$B:$B,AGGREGATE(15,6,ROW('Usage Detail'!$A$5:$A$204)/(('Usage Detail'!$B$5:$B$204="Gift")),ROW(A5))),"") | C12: =IFERROR(INDEX('Usage Detail'!$C:$C,AGGREGATE(15,6,ROW('Usage Detail'!$A$5:$A$204)/(('Usage Detail'!$B$5:$B$204="Gift")),ROW(A5))),"") | D12: =IFERROR(INDEX('Usage Detail'!$D:$D,AGGREGATE(15,6,ROW('Usage Detail'!$A$5:$A$204)/(('Usage Detail'!$B$5:$B$204="Gift")),ROW(A5))),"") | E12: =IFERROR(INDEX('Usage Detail'!$E:$E,AGGREGATE(15,6,ROW('Usage Detail'!$A$5:$A$204)/(('Usage Detail'!$B$5:$B$204="Gift")),ROW(A5))),"") | F12: =IFERROR(INDEX('Usage Detail'!$F:$F,AGGREGATE(15,6,ROW('Usage Detail'!$A$5:$A$204)/(('Usage Detail'!$B$5:$B$204="Gift")),ROW(A5))),"") | G12: =IFERROR(INDEX('Usage Detail'!$G:$G,AGGREGATE(15,6,ROW('Usage Detail'!$A$5:$A$204)/(('Usage Detail'!$B$5:$B$204="Gift")),ROW(A5))),"") | H12: =IFERROR(INDEX('Usage Detail'!$H:$H,AGGREGATE(15,6,ROW('Usage Detail'!$A$5:$A$204)/(('Usage Detail'!$B$5:$B$204="Gift")),ROW(A5))),"")
A13: =IFERROR(INDEX('Usage Detail'!$A:$A,AGGREGATE(15,6,ROW('Usage Detail'!$A$5:$A$204)/(('Usage Detail'!$B$5:$B$204="Gift")),ROW(A6))),"") | B13: =IFERROR(INDEX('Usage Detail'!$B:$B,AGGREGATE(15,6,ROW('Usage Detail'!$A$5:$A$204)/(('Usage Detail'!$B$5:$B$204="Gift")),ROW(A6))),"") | C13: =IFERROR(INDEX('Usage Detail'!$C:$C,AGGREGATE(15,6,ROW('Usage Detail'!$A$5:$A$204)/(('Usage Detail'!$B$5:$B$204="Gift")),ROW(A6))),"") | D13: =IFERROR(INDEX('Usage Detail'!$D:$D,AGGREGATE(15,6,ROW('Usage Detail'!$A$5:$A$204)/(('Usage Detail'!$B$5:$B$204="Gift")),ROW(A6))),"") | E13: =IFERROR(INDEX('Usage Detail'!$E:$E,AGGREGATE(15,6,ROW('Usage Detail'!$A$5:$A$204)/(('Usage Detail'!$B$5:$B$204="Gift")),ROW(A6))),"") | F13: =IFERROR(INDEX('Usage Detail'!$F:$F,AGGREGATE(15,6,ROW('Usage Detail'!$A$5:$A$204)/(('Usage Detail'!$B$5:$B$204="Gift")),ROW(A6))),"") | G13: =IFERROR(INDEX('Usage Detail'!$G:$G,AGGREGATE(15,6,ROW('Usage Detail'!$A$5:$A$204)/(('Usage Detail'!$B$5:$B$204="Gift")),ROW(A6))),"") | H13: =IFERROR(INDEX('Usage Detail'!$H:$H,AGGREGATE(15,6,ROW('Usage Detail'!$A$5:$A$204)/(('Usage Detail'!$B$5:$B$204="Gift")),ROW(A6))),"")
A14: =IFERROR(INDEX('Usage Detail'!$A:$A,AGGREGATE(15,6,ROW('Usage Detail'!$A$5:$A$204)/(('Usage Detail'!$B$5:$B$204="Gift")),ROW(A7))),"") | B14: =IFERROR(INDEX('Usage Detail'!$B:$B,AGGREGATE(15,6,ROW('Usage Detail'!$A$5:$A$204)/(('Usage Detail'!$B$5:$B$204="Gift")),ROW(A7))),"") | C14: =IFERROR(INDEX('Usage Detail'!$C:$C,AGGREGATE(15,6,ROW('Usage Detail'!$A$5:$A$204)/(('Usage Detail'!$B$5:$B$204="Gift")),ROW(A7))),"") | D14: =IFERROR(INDEX('Usage Detail'!$D:$D,AGGREGATE(15,6,ROW('Usage Detail'!$A$5:$A$204)/(('Usage Detail'!$B$5:$B$204="Gift")),ROW(A7))),"") | E14: =IFERROR(INDEX('Usage Detail'!$E:$E,AGGREGATE(15,6,ROW('Usage Detail'!$A$5:$A$204)/(('Usage Detail'!$B$5:$B$204="Gift")),ROW(A7))),"") | F14: =IFERROR(INDEX('Usage Detail'!$F:$F,AGGREGATE(15,6,ROW('Usage Detail'!$A$5:$A$204)/(('Usage Detail'!$B$5:$B$204="Gift")),ROW(A7))),"") | G14: =IFERROR(INDEX('Usage Detail'!$G:$G,AGGREGATE(15,6,ROW('Usage Detail'!$A$5:$A$204)/(('Usage Detail'!$B$5:$B$204="Gift")),ROW(A7))),"") | H14: =IFERROR(INDEX('Usage Detail'!$H:$H,AGGREGATE(15,6,ROW('Usage Detail'!$A$5:$A$204)/(('Usage Detail'!$B$5:$B$204="Gift")),ROW(A7))),"")
A15: =IFERROR(INDEX('Usage Detail'!$A:$A,AGGREGATE(15,6,ROW('Usage Detail'!$A$5:$A$204)/(('Usage Detail'!$B$5:$B$204="Gift")),ROW(A8))),"") | B15: =IFERROR(INDEX('Usage Detail'!$B:$B,AGGREGATE(15,6,ROW('Usage Detail'!$A$5:$A$204)/(('Usage Detail'!$B$5:$B$204="Gift")),ROW(A8))),"") | C15: =IFERROR(INDEX('Usage Detail'!$C:$C,AGGREGATE(15,6,ROW('Usage Detail'!$A$5:$A$204)/(('Usage Detail'!$B$5:$B$204="Gift")),ROW(A8))),"") | D15: =IFERROR(INDEX('Usage Detail'!$D:$D,AGGREGATE(15,6,ROW('Usage Detail'!$A$5:$A$204)/(('Usage Detail'!$B$5:$B$204="Gift")),ROW(A8))),"") | E15: =IFERROR(INDEX('Usage Detail'!$E:$E,AGGREGATE(15,6,ROW('Usage Detail'!$A$5:$A$204)/(('Usage Detail'!$B$5:$B$204="Gift")),ROW(A8))),"") | F15: =IFERROR(INDEX('Usage Detail'!$F:$F,AGGREGATE(15,6,ROW('Usage Detail'!$A$5:$A$204)/(('Usage Detail'!$B$5:$B$204="Gift")),ROW(A8))),"") | G15: =IFERROR(INDEX('Usage Detail'!$G:$G,AGGREGATE(15,6,ROW('Usage Detail'!$A$5:$A$204)/(('Usage Detail'!$B$5:$B$204="Gift")),ROW(A8))),"") | H15: =IFERROR(INDEX('Usage Detail'!$H:$H,AGGREGATE(15,6,ROW('Usage Detail'!$A$5:$A$204)/(('Usage Detail'!$B$5:$B$204="Gift")),ROW(A8))),"")
A16: =IFERROR(INDEX('Usage Detail'!$A:$A,AGGREGATE(15,6,ROW('Usage Detail'!$A$5:$A$204)/(('Usage Detail'!$B$5:$B$204="Gift")),ROW(A9))),"") | B16: =IFERROR(INDEX('Usage Detail'!$B:$B,AGGREGATE(15,6,ROW('Usage Detail'!$A$5:$A$204)/(('Usage Detail'!$B$5:$B$204="Gift")),ROW(A9))),"") | C16: =IFERROR(INDEX('Usage Detail'!$C:$C,AGGREGATE(15,6,ROW('Usage Detail'!$A$5:$A$204)/(('Usage Detail'!$B$5:$B$204="Gift")),ROW(A9))),"") | D16: =IFERROR(INDEX('Usage Detail'!$D:$D,AGGREGATE(15,6,ROW('Usage Detail'!$A$5:$A$204)/(('Usage Detail'!$B$5:$B$204="Gift")),ROW(A9))),"") | E16: =IFERROR(INDEX('Usage Detail'!$E:$E,AGGREGATE(15,6,ROW('Usage Detail'!$A$5:$A$204)/(('Usage Detail'!$B$5:$B$204="Gift")),ROW(A9))),"") | F16: =IFERROR(INDEX('Usage Detail'!$F:$F,AGGREGATE(15,6,ROW('Usage Detail'!$A$5:$A$204)/(('Usage Detail'!$B$5:$B$204="Gift")),ROW(A9))),"") | G16: =IFERROR(INDEX('Usage Detail'!$G:$G,AGGREGATE(15,6,ROW('Usage Detail'!$A$5:$A$204)/(('Usage Detail'!$B$5:$B$204="Gift")),ROW(A9))),"") | H16: =IFERROR(INDEX('Usage Detail'!$H:$H,AGGREGATE(15,6,ROW('Usage Detail'!$A$5:$A$204)/(('Usage Detail'!$B$5:$B$204="Gift")),ROW(A9))),"")
A17: =IFERROR(INDEX('Usage Detail'!$A:$A,AGGREGATE(15,6,ROW('Usage Detail'!$A$5:$A$204)/(('Usage Detail'!$B$5:$B$204="Gift")),ROW(A10))),"") | B17: =IFERROR(INDEX('Usage Detail'!$B:$B,AGGREGATE(15,6,ROW('Usage Detail'!$A$5:$A$204)/(('Usage Detail'!$B$5:$B$204="Gift")),ROW(A10))),"") | C17: =IFERROR(INDEX('Usage Detail'!$C:$C,AGGREGATE(15,6,ROW('Usage Detail'!$A$5:$A$204)/(('Usage Detail'!$B$5:$B$204="Gift")),ROW(A10))),"") | D17: =IFERROR(INDEX('Usage Detail'!$D:$D,AGGREGATE(15,6,ROW('Usage Detail'!$A$5:$A$204)/(('Usage Detail'!$B$5:$B$204="Gift")),ROW(A10))),"") | E17: =IFERROR(INDEX('Usage Detail'!$E:$E,AGGREGATE(15,6,ROW('Usage Detail'!$A$5:$A$204)/(('Usage Detail'!$B$5:$B$204="Gift")),ROW(A10))),"") | F17: =IFERROR(INDEX('Usage Detail'!$F:$F,AGGREGATE(15,6,ROW('Usage Detail'!$A$5:$A$204)/(('Usage Detail'!$B$5:$B$204="Gift")),ROW(A10))),"") | G17: =IFERROR(INDEX('Usage Detail'!$G:$G,AGGREGATE(15,6,ROW('Usage Detail'!$A$5:$A$204)/(('Usage Detail'!$B$5:$B$204="Gift")),ROW(A10))),"") | H17: =IFERROR(INDEX('Usage Detail'!$H:$H,AGGREGATE(15,6,ROW('Usage Detail'!$A$5:$A$204)/(('Usage Detail'!$B$5:$B$204="Gift")),ROW(A10))),"")
A18: =IFERROR(INDEX('Usage Detail'!$A:$A,AGGREGATE(15,6,ROW('Usage Detail'!$A$5:$A$204)/(('Usage Detail'!$B$5:$B$204="Gift")),ROW(A11))),"") | B18: =IFERROR(INDEX('Usage Detail'!$B:$B,AGGREGATE(15,6,ROW('Usage Detail'!$A$5:$A$204)/(('Usage Detail'!$B$5:$B$204="Gift")),ROW(A11))),"") | C18: =IFERROR(INDEX('Usage Detail'!$C:$C,AGGREGATE(15,6,ROW('Usage Detail'!$A$5:$A$204)/(('Usage Detail'!$B$5:$B$204="Gift")),ROW(A11))),"") | D18: =IFERROR(INDEX('Usage Detail'!$D:$D,AGGREGATE(15,6,ROW('Usage Detail'!$A$5:$A$204)/(('Usage Detail'!$B$5:$B$204="Gift")),ROW(A11))),"") | E18: =IFERROR(INDEX('Usage Detail'!$E:$E,AGGREGATE(15,6,ROW('Usage Detail'!$A$5:$A$204)/(('Usage Detail'!$B$5:$B$204="Gift")),ROW(A11))),"") | F18: =IFERROR(INDEX('Usage Detail'!$F:$F,AGGREGATE(15,6,ROW('Usage Detail'!$A$5:$A$204)/(('Usage Detail'!$B$5:$B$204="Gift")),ROW(A11))),"") | G18: =IFERROR(INDEX('Usage Detail'!$G:$G,AGGREGATE(15,6,ROW('Usage Detail'!$A$5:$A$204)/(('Usage Detail'!$B$5:$B$204="Gift")),ROW(A11))),"") | H18: =IFERROR(INDEX('Usage Detail'!$H:$H,AGGREGATE(15,6,ROW('Usage Detail'!$A$5:$A$204)/(('Usage Detail'!$B$5:$B$204="Gift")),ROW(A11))),"")
A19: =IFERROR(INDEX('Usage Detail'!$A:$A,AGGREGATE(15,6,ROW('Usage Detail'!$A$5:$A$204)/(('Usage Detail'!$B$5:$B$204="Gift")),ROW(A12))),"") | B19: =IFERROR(INDEX('Usage Detail'!$B:$B,AGGREGATE(15,6,ROW('Usage Detail'!$A$5:$A$204)/(('Usage Detail'!$B$5:$B$204="Gift")),ROW(A12))),"") | C19: =IFERROR(INDEX('Usage Detail'!$C:$C,AGGREGATE(15,6,ROW('Usage Detail'!$A$5:$A$204)/(('Usage Detail'!$B$5:$B$204="Gift")),ROW(A12))),"") | D19: =IFERROR(INDEX('Usage Detail'!$D:$D,AGGREGATE(15,6,ROW('Usage Detail'!$A$5:$A$204)/(('Usage Detail'!$B$5:$B$204="Gift")),ROW(A12))),"") | E19: =IFERROR(INDEX('Usage Detail'!$E:$E,AGGREGATE(15,6,ROW('Usage Detail'!$A$5:$A$204)/(('Usage Detail'!$B$5:$B$204="Gift")),ROW(A12))),"") | F19: =IFERROR(INDEX('Usage Detail'!$F:$F,AGGREGATE(15,6,ROW('Usage Detail'!$A$5:$A$204)/(('Usage Detail'!$B$5:$B$204="Gift")),ROW(A12))),"") | G19: =IFERROR(INDEX('Usage Detail'!$G:$G,AGGREGATE(15,6,ROW('Usage Detail'!$A$5:$A$204)/(('Usage Detail'!$B$5:$B$204="Gift")),ROW(A12))),"") | H19: =IFERROR(INDEX('Usage Detail'!$H:$H,AGGREGATE(15,6,ROW('Usage Detail'!$A$5:$A$204)/(('Usage Detail'!$B$5:$B$204="Gift")),ROW(A12))),"")
... A207: =IFERROR(INDEX('Usage Detail'!$A:$A,AGGREGATE(15,6,ROW('Usage Detail'!$A$5:$A$204)/(('Usage Detail'!$B$5:$B$204="Gift")),ROW(A200))),"") | B207: =IFERROR(INDEX('Usage Detail'!$B:$B,AGGREGATE(15,6,ROW('Usage Detail'!$A$5:$A$204)/(('Usage Detail'!$B$5:$B$204="Gift")),ROW(A200))),"") | C207: =IFERROR(INDEX('Usage Detail'!$C:$C,AGGREGATE(15,6,ROW('Usage Detail'!$A$5:$A$204)/(('Usage Detail'!$B$5:$B$204="Gift")),ROW(A200))),"") | D207: =IFERROR(INDEX('Usage Detail'!$D:$D,AGGREGATE(15,6,ROW('Usage Detail'!$A$5:$A$204)/(('Usage Detail'!$B$5:$B$204="Gift")),ROW(A200))),"") | E207: =IFERROR(INDEX('Usage Detail'!$E:$E,AGGREGATE(15,6,ROW('Usage Detail'!$A$5:$A$204)/(('Usage Detail'!$B$5:$B$204="Gift")),ROW(A200))),"") | F207: =IFERROR(INDEX('Usage Detail'!$F:$F,AGGREGATE(15,6,ROW('Usage Detail'!$A$5:$A$204)/(('Usage Detail'!$B$5:$B$204="Gift")),ROW(A200))),"") | G207: =IFERROR(INDEX('Usage Detail'!$G:$G,AGGREGATE(15,6,ROW('Usage Detail'!$A$5:$A$204)/(('Usage Detail'!$B$5:$B$204="Gift")),ROW(A200))),"") | H207: =IFERROR(INDEX('Usage Detail'!$H:$H,AGGREGATE(15,6,ROW('Usage Detail'!$A$5:$A$204)/(('Usage Detail'!$B$5:$B$204="Gift")),ROW(A200))),"")

Sheet Category Legend
A1: Category Definitions for AGCO Reporting
A3: Category | B3: When to Use
A4: Production | B4: Bottles added to inventory at bottling (e.g., 'Bottled in 88 Cases')
A5: Tasting | B5: Bottle opened/used for restaurant or industry tasting
A6: Promotional | B6: Used at events, media tastings, sommelier sessions, trade shows
A7: Gift | B7: Bottle given as a gift (personal, corporate, or thank-you)
A8: Sale | B8: Bottle sold to restaurant, LCBO, or DTC customer
A9: Sample | B9: Sent as a sample (not consumed at a tasting — e.g., mailed to a buyer)
A10: Adjustment | B10: Inventory correction (loss, breakage, evaporation, audit reconciliation)
A12: Conversion | B12: 1 bottle = 750ml = 0.75L (auto-calculated in all sheets)
